"segWords","Freq"
"",93186
"coronavirus",7373
"China",5075
"outbreak",2784
"Wuhan",2261
"people",1036
"Coronavirus",1014
"spread",879
"Chinese",874
"virus",778
"confirmed",729
"pneumonia",699
"death",645
"news",641
"city",591
"health",535
"toll",528
"travel",502
"deadly",499
"US",483
"-",428
"ndtv",421
"amid",410
"china",385
"Health",351
"emergency",342
"infected",341
"killed",338
"hospital",331
"live",327
"spreading",322
"global",311
"reports",310
"confirms",293
"spreads",283
"government",268
"fears",262
"cities",261
"officials",261
"updates",261
"reported",259
"lockdown",255
"source",251
"control",248
"UK",247
"SARS",245
"New",241
"wuhan",240
"authorities",239
"country",234
"Here",233
"rises",230
"caused",229
"Beijing",225
"citizens",223
"WHO",217
"Hong",209
"Kong",209
"trib",209
"More",205
"cnn",202
"deaths",202
"CoronavirusOutbreak",201
"patients",197
"public",194
"Hubei",191
"countries",178
"epicenter",178
"symptoms",170
"Twitter",169
"official",168
"Year",167
"nCoV",166
"medical",165
"medium",162
"Japan",161
"Echobox",157
"measures",156
"mainland",154
"markets",150
"response",150
"efforts",148
"hit",147
"CDC",145
"Xi",144
"disease",143
"aje",142
"io",142
"patient",142
"tested",142
"fight",141
"f",136
"CMP",134
"cnb",134
"cx",134
"jan",134
"Lunar",134
"theguardian",134
"twt",134
"illness",133
"respiratory",133
"rt",133
"including",132
"media",132
"France",131
"quarantine",131
"airports",129
"person",129
"strain",128
"abcn",127
"central",127
"World",127
"died",125
"evacuate",124
"human",124
"india",124
"News",121
"prevent",121
"warns",120
"build",119
"hospitals",117
"agency",116
"treatment",116
"epidemic",114
"Thailand",114
"Factbox",112
"center",111
"days",111
"Asia",110
"infection",110
"passengers",110
"stocks",110
"Shanghai",107
"Canada",106
"holiday",106
"curb",105
"Follow",105
"United",105
"ChinaVirus",104
"impact",102
"market",102
"rise",102
"dead",100
"In",100
"sickened",100
"science",99
"State",99
"treat",99
"diagnosed",98
"identified",96
"Organization",95
"week",95
"province",94
"Trump",94
"President",92
"restrictions",91
"close",90
"States",90
"suspected",90
"worried",90
"infectious",88
"Social",88
"flights",87
"Washington",87
"don",86
"masks",86
"screening",86
"staff",86
"Jinping",85
"uk",85
"risen",84
"traveled",84
"Australia",83
"Read",83
"students",83
"Britons",82
"fast",82
"gu",82
"Sunday",82
"warning",81
"hundreds",80
"concern",79
"Monday",79
"concerns",78
"continues",78
"economic",78
"international",78
"Korea",78
"South",78
"travelers",78
"But",77
"day",77
"risk",77
"announced",76
"Department",76
"India",76
"situation",76
"experts",75
"set",75
"effort",74
"Singapore",74
"term",74
"transmission",74
"transportation",74
"bed",73
"building",73
"st",72
"started",72
"testing",72
"top",72
"CoronaVirus",71
"NDTV",71
"stock",71
"climbs",70
"Jan",70
"National",70
"total",70
"x",70
"British",69
"discovered",69
"humans",69
"Latest",69
"positive",69
"AFP",68
"Europe",68
"evacuation",68
"Autofeed",67
"originated",67
"Thursday",67
"Chicago",66
"closed",66
"level",66
"mysterious",66
"scare",66
"tests",66
"Indian",65
"Commission",64
"Americans",63
"California",63
"residents",63
"shut",63
"teams",63
"told",63
"declare",62
"Three",62
"companies",61
"contact",61
"mystery",61
"newly",61
"production",61
"warned",61
"BREAKING",60
"Foreign",60
"report",60
"story",60
"battle",59
"epicentre",59
"special",59
"transport",59
"airport",58
"crisis",58
"leave",58
"minister",58
"Minister",58
"Sars",58
"urges",58
"Control",57
"essential",57
"prevention",57
"rose",57
"time",57
"Breaking",56
"Province",56
"video",56
"dozens",55
"Sky",55
"Disease",54
"doctor",54
"flight",54
"isolation",54
"major",54
"protect",54
"returned",54
"viral",54
"ability",53
"animal",53
"ban",53
"DailyChinaBriefing",53
"trade",53
"treated",53
"Tuesday",53
"wild",53
"cancels",52
"Death",52
"gdnnews",52
"pandemic",52
"panic",52
"stay",52
"supplies",52
"With",52
"battles",51
"declares",51
"model",51
"nationals",51
"returning",51
"Update",51
"Wall",51
"WSJWhatsNow",51
"advises",50
"dozen",50
"expert",50
"First",50
"follow",50
"Li",49
"Global",48
"issues",48
"millions",48
"severe",48
"Snakes",48
"woman",48
"worldwide",48
"Xinhua",48
"believed",47
"Centers",47
"chief",47
"confirm",47
"IN",47
"JUST",47
"military",47
"Office",47
"Officials",47
"Saturday",47
"threat",47
"transmitted",47
"built",46
"economy",46
"krait",46
"stronger",46
"centre",45
"PTI",45
"Texas",45
"traveling",45
"workers",45
"animals",44
"Authorities",44
"called",44
"Dow",44
"flu",44
"html",44
"independent",44
"student",44
"triggered",44
"Wednesday",44
"writes",44
"Germany",43
"linked",43
"nurse",43
"Public",43
"resident",43
"steps",43
"stranded",43
"airlines",42
"alert",42
"City",42
"cobra",42
"extends",42
"history",42
"mask",42
"observation",42
"original",42
"provincial",42
"Taiwan",42
"There",42
"winter",42
"aid",41
"arrived",41
"Asian",41
"expected",41
"infections",41
"medics",41
"Ministry",41
"MORE",41
"Premier",41
"screen",41
"temporarily",41
"avoid",40
"bans",40
"CNN",40
"cut",40
"Davos",40
"deal",40
"hold",40
"left",40
"Prevention",40
"return",40
"snakes",40
"watch",40
"Watch",40
"advising",39
"American",39
"beds",39
"employees",39
"extended",39
"Friday",39
"Great",39
"low",39
"morning",39
"a",38
"accelerating",38
"detected",38
"diplomats",38
"doctors",38
"earlier",38
"grow",38
"growing",38
"On",38
"region",38
"test",38
"advisory",37
"arrival",37
"exposure",37
"Facebook",37
"fourth",37
"investors",37
"ms",37
"nyti",37
"procedures",37
"reaches",37
"surgical",37
"travelling",37
"committee",36
"halt",36
"jumps",36
"Keqiang",36
"rate",36
"Stocks",36
"urged",36
"bats",35
"biggest",35
"combat",35
"If",35
"living",35
"month",35
"podcast",35
"reconsider",35
"risks",35
"scientists",35
"sky",35
"travellers",35
"trial",35
"anger",34
"bid",34
"Disney",34
"Disneyland",34
"facing",34
"From",34
"HIV",34
"identifies",34
"Listen",34
"meet",34
"meeting",34
"negative",34
"screenings",34
"sell",34
"stepped",34
"stopped",34
"stories",34
"trains",34
"Britain",33
"demand",33
"drug",33
"expanded",33
"hard",33
"Hospital",33
"mayor",33
"plans",33
"potential",33
"ready",33
"rein",33
"Saudi",33
"suspends",33
"ve",33
"affect",32
"cbc",32
"December",32
"game",32
"grave",32
"industry",32
"infects",32
"investigation",32
"outbreaks",32
"preparedness",32
"threatens",32
"weekend",32
"appears",31
"cough",31
"declaring",31
"family",31
"personnel",31
"schools",31
"Scientists",31
"start",31
"trapped",31
"universities",31
"Amid",30
"Apple",30
"arriving",30
"Central",30
"Check",30
"conference",30
"fell",30
"globally",30
"increasing",30
"president",30
"prices",30
"questions",30
"studies",30
"team",30
"Tell",30
"trading",30
"wearing",30
"advice",29
"Australian",29
"calls",29
"chinese",29
"closing",29
"contracted",29
"dedicated",29
"hits",29
"makeshift",29
"months",29
"Our",29
"People",29
"planning",29
"Should",29
"shuts",29
"worst",29
"AbbVie",28
"app",28
"cope",28
"cover",28
"dangerous",28
"explains",28
"Feb",28
"fly",28
"food",28
"foreign",28
"half",28
"hands",28
"isolate",28
"Japanese",28
"monitoring",28
"NDTVNewsBeeps",28
"offers",28
"office",28
"oil",28
"prepared",28
"rapidly",28
"robot",28
"role",28
"screened",28
"shutting",28
"social",28
"stands",28
"Starbucks",28
"stores",28
"system",28
"victims",28
"wsj",28
"border",27
"children",27
"die",27
"ground",27
"He",27
"life",27
"locks",27
"reviews",27
"Scotland",27
"statement",27
"streets",27
"To",27
"UN",27
"consulate",26
"contagion",26
"contagious",26
"dies",26
"edition",26
"European",26
"French",26
"lunar",26
"reach",26
"regions",26
"school",26
"Seattle",26
"send",26
"sparked",26
"tLnnh",26
"WhatPresidentXiSays",26
"air",25
"borders",25
"capital",25
"celebrations",25
"County",25
"Cross",25
"fear",25
"flying",25
"ft",25
"FT",25
"Huanggang",25
"International",25
"leadership",25
"link",25
"mutating",25
"Number",25
"reached",25
"scrambles",25
"seals",25
"traveller",25
"vaccine",25
"Vietnam",25
"ward",25
"ABC",24
"bit",24
"body",24
"construction",24
"continue",24
"cousin",24
"decoded",24
"families",24
"grows",24
"issue",24
"leader",24
"Leo",24
"local",24
"No",24
"nose",24
"ongoing",24
"plane",24
"Poon",24
"precautions",24
"Scientist",24
"short",24
"suspended",24
"type",24
"virulent",24
"Virus",24
"wapo",24
"watching",24
"Will",24
"Arabia",23
"authority",23
"based",23
"briefing",23
"emerged",23
"Get",23
"handling",23
"increase",23
"indian",23
"indoors",23
"KayBurley",23
"Kerala",23
"ministry",23
"secretary",23
"sparking",23
"stations",23
"That",23
"tourist",23
"University",23
"announcement",22
"Are",22
"attractions",22
"begun",22
"beijing",22
"business",22
"canceled",22
"communication",22
"condition",22
"conditions",22
"Cook",22
"critical",22
"deserted",22
"Everything",22
"growth",22
"Headlines",22
"Heathrow",22
"Indians",22
"iPhone",22
"Jones",22
"kerala",22
"lessons",22
"limit",22
"materials",22
"Nanshan",22
"nation",22
"NEW",22
"nonessential",22
"Olympic",22
"passes",22
"protective",22
"quarantined",22
"scale",22
"sends",22
"sharp",22
"spokesman",22
"strict",22
"struggles",22
"York",22
"Zhong",22
"arrives",21
"checked",21
"checks",21
"chinas",21
"confident",21
"decision",21
"director",21
"Ebola",21
"expands",21
"expects",21
"Find",21
"governments",21
"JustIn",21
"LATEST",21
"Malaysia",21
"ODMd",21
"One",21
"online",21
"pressure",21
"Red",21
"remain",21
"restricting",21
"shortage",21
"suspend",21
"town",21
"additional",20
"blog",20
"calling",20
"climb",20
"Deadly",20
"declared",20
"diseases",20
"east",20
"evacuated",20
"footage",20
"hair",20
"halted",20
"head",20
"heading",20
"initiates",20
"li",20
"lives",20
"lower",20
"Medical",20
"nationwide",20
"Organisation",20
"period",20
"precautionary",20
"prompted",20
"race",20
"rapid",20
"remains",20
"restaurants",20
"seafood",20
"senior",20
"shares",20
"spoken",20
"struggling",20
"talks",20
"visiting",20
"worry",20
"ANI",19
"Breakfast",19
"BreakingNews",19
"closes",19
"considered",19
"difficult",19
"direct",19
"dish",19
"drop",19
"embassy",19
"Emergency",19
"experience",19
"fall",19
"fINE",19
"Forbidden",19
"inside",19
"ll",19
"locked",19
"monitor",19
"NHC",19
"popular",19
"preparing",19
"press",19
"provide",19
"reporting",19
"restrict",19
"sites",19
"Six",19
"Some",19
"support",19
"tells",19
"topped",19
"train",19
"Video",19
"worries",19
"Analysis",18
"Avoid",18
"buses",18
"businesses",18
"citing",18
"coming",18
"company",18
"confidence",18
"consumer",18
"correspondent",18
"Cover",18
"current",18
"dealing",18
"decide",18
"devil",18
"ea",18
"fallout",18
"france",18
"hoping",18
"hours",18
"imiG",18
"increased",18
"incubation",18
"Intelligence",18
"Johnson",18
"LISTEN",18
"mouth",18
"Nepal",18
"NOW",18
"packed",18
"partial",18
"peak",18
"PM",18
"population",18
"premier",18
"read",18
"renowned",18
"Report",18
"resolute",18
"sars",18
"scramble",18
"shared",18
"sneeze",18
"speaking",18
"subscribe",18
"traveler",18
"trips",18
"Wash",18
"Wear",18
"wxVI",18
"abroad",17
"allocates",17
"Angeles",17
"Arizona",17
"australia",17
"av",17
"bringing",17
"claimed",17
"donated",17
"flown",17
"For",17
"Four",17
"heart",17
"join",17
"key",17
"Lam",17
"Los",17
"national",17
"originally",17
"pathogen",17
"preventive",17
"researchers",17
"slow",17
"stepping",17
"Students",17
"tracked",17
"USD",17
"Videos",17
"activated",16
"Among",16
"analysis",16
"annual",16
"box",16
"changed",16
"chartering",16
"Chief",16
"community",16
"create",16
"decided",16
"determine",16
"earnings",16
"entering",16
"FDA",16
"February",16
"federal",16
"form",16
"front",16
"G",16
"Hancock",16
"Investors",16
"kills",16
"luxury",16
"Maps",16
"Matt",16
"officer",16
"Paris",16
"Plague",16
"plan",16
"porcupines",16
"presumptive",16
"prompts",16
"rail",16
"raised",16
"ramp",16
"rodents",16
"scotland",16
"separate",16
"services",16
"speaks",16
"takes",16
"telegraph",16
"Today",16
"undergoing",16
"UPDATE",16
"Vendors",16
"warn",16
"WJEo",16
"yak",16
"yuan",16
"adding",15
"airlifts",15
"alarm",15
"ale",15
"appreciates",15
"asia",15
"Carrie",15
"Concern",15
"considers",15
"constitutes",15
"contained",15
"department",15
"deployed",15
"designated",15
"halts",15
"helping",15
"HKSAR",15
"HongKong",15
"ihtc",15
"impeachment",15
"investor",15
"IqNrV",15
"January",15
"Live",15
"Ma",15
"medicines",15
"mobilizing",15
"Nearly",15
"origin",15
"overwhelmed",15
"prepare",15
"prepares",15
"refuse",15
"rush",15
"scientific",15
"seeks",15
"Strict",15
"Tibet",15
"TSaQM",15
"Two",15
"Where",15
"agencies",14
"airline",14
"Asked",14
"BobWoodruff",14
"broadcaster",14
"By",14
"cancel",14
"caught",14
"CEO",14
"cheaper",14
"chesh",14
"contracts",14
"crucial",14
"deputy",14
"droplets",14
"energy",14
"England",14
"Entrusted",14
"epjEx",14
"events",14
"explosive",14
"Festival",14
"Google",14
"GurmanBhatia",14
"hardest",14
"Hospitals",14
"Huawei",14
"infect",14
"inspect",14
"intensify",14
"involving",14
"issued",14
"keeping",14
"lack",14
"learned",14
"leaving",14
"LG",14
"location",14
"mammals",14
"MHKqf",14
"mother",14
"mounting",14
"moving",14
"Oil",14
"oOuTg",14
"Over",14
"praises",14
"pushing",14
"react",14
"resign",14
"resolutely",14
"ReutersGraphics",14
"rising",14
"rushes",14
"Russia",14
"sealed",14
"See",14
"series",14
"spike",14
"spokesperson",14
"Spring",14
"temporary",14
"Toronto",14
"tourism",14
"travels",14
"treating",14
"update",14
"warnings",14
"When",14
"ayDBx",13
"Ayhj",13
"Bin",13
"boxing",13
"Care",13
"CateCadell",13
"concerned",13
"controlling",13
"crowds",13
"effects",13
"expand",13
"fatality",13
"fighting",13
"Five",13
"FVSgue",13
"globe",13
"hand",13
"Harsh",13
"Heartwarming",13
"House",13
"Is",13
"jumped",13
"KHDUM",13
"lined",13
"lkOE",13
"lock",13
"McDonald",13
"mind",13
"mln",13
"notice",13
"outbound",13
"overseas",13
"putting",13
"qualifying",13
"received",13
"Residents",13
"running",13
"samples",13
"Second",13
"sMIH",13
"starting",13
"television",13
"temperature",13
"They",13
"thousands",13
"Tokyo",13
"tournament",13
"tours",13
"track",13
"urge",13
"Vardhan",13
"visited",13
"visits",13
"wife",13
"About",12
"academic",12
"activities",12
"afternoon",12
"Airline",12
"Airlines",12
"Airport",12
"Airports",12
"America",12
"assist",12
"asx",12
"australian",12
"babed",12
"Bat",12
"bdb",12
"beer",12
"billionaire",12
"Canadian",12
"cancellation",12
"causing",12
"cautioning",12
"censorship",12
"charts",12
"check",12
"closures",12
"communicate",12
"Confusion",12
"Construction",12
"containment",12
"content",12
"Corona",12
"Craig",12
"craziest",12
"cultural",12
"Culver",12
"David",12
"de",12
"Dillon",12
"dip",12
"disrupt",12
"Drone",12
"dropping",12
"empty",12
"entertainment",12
"equipment",12
"equipped",12
"examining",12
"familiar",12
"Fears",12
"ferry",12
"ffcdca",12
"financial",12
"Finland",12
"fiscal",12
"flee",12
"FozxJMi",12
"fujD",12
"Gottlieb",12
"Government",12
"handle",12
"harder",12
"Have",12
"heartbeats",12
"highly",12
"homeless",12
"huge",12
"identifying",12
"implementing",12
"increases",12
"kits",12
"largest",12
"launched",12
"links",12
"lost",12
"Major",12
"matter",12
"Media",12
"mix",12
"monetary",12
"mount",12
"mumbai",12
"Mumbai",12
"mZdw",12
"networks",12
"Nikkei",12
"Novel",12
"NYTParenting",12
"operations",12
"ordeal",12
"parents",12
"parks",12
"Party",12
"Paul",12
"politics",12
"pregnant",12
"preps",12
"pretty",12
"Prime",12
"private",12
"protection",12
"protesters",12
"quotes",12
"races",12
"ramps",12
"reel",12
"restricts",12
"Return",12
"Scott",12
"scrapped",12
"searches",12
"slide",12
"slowed",12
"soup",12
"station",12
"stem",12
"stethoscope",12
"Street",12
"strengthening",12
"Studies",12
"study",12
"suddenly",12
"supervise",12
"teacher",12
"Thermal",12
"totally",12
"Travel",12
"trip",12
"troubled",12
"Tudor",12
"tumble",12
"underscoring",12
"unique",12
"videos",12
"vitals",12
"voice",12
"vrAE",12
"vulnerabilities",12
"waiting",12
"WATCH",12
"Wife",12
"wildlife",12
"WILDLIFE",12
"win",12
"woes",12
"women",12
"X",12
"XcQPwA",12
"xUN",12
"action",11
"admitting",11
"After",11
"beefs",11
"Business",11
"call",11
"cancelled",11
"car",11
"charter",11
"circulating",11
"climbed",11
"Committee",11
"completed",11
"developing",11
"exchange",11
"express",11
"halfway",11
"hospitalized",11
"Illinois",11
"indians",11
"investigating",11
"Jiangxi",11
"Lanka",11
"late",11
"lead",11
"lowest",11
"main",11
"Michael",11
"ministers",11
"network",11
"overcrowded",11
"passenger",11
"Passengers",11
"postpones",11
"READ",11
"reportedly",11
"Reports",11
"rules",11
"sealing",11
"seek",11
"site",11
"Sri",11
"struggle",11
"suspension",11
"tracks",11
"Transportation",11
"While",11
"wpTwu",11
"access",10
"Across",10
"adapting",10
"b",10
"Bird",10
"block",10
"boarding",10
"Boeing",10
"Boris",10
"brands",10
"Breakingviews",10
"breathing",10
"british",10
"broader",10
"Cambodia",10
"campus",10
"carmakers",10
"CDCgov",10
"Charter",10
"Chengdu",10
"claims",10
"cleaning",10
"Cobra",10
"cold",10
"combined",10
"common",10
"constantly",10
"corona",10
"corporate",10
"Council",10
"cQOhL",10
"cram",10
"damage",10
"dark",10
"dasha",10
"denies",10
"discussing",10
"donald",10
"Donald",10
"driver",10
"education",10
"effective",10
"effectively",10
"encountered",10
"evacuating",10
"evening",10
"experiencing",10
"extract",10
"feel",10
"groceries",10
"hidden",10
"HSBC",10
"hubs",10
"ICU",10
"Inc",10
"includes",10
"indias",10
"jgriffiths",10
"jumbo",10
"killing",10
"levels",10
"list",10
"Location",10
"lows",10
"migration",10
"Ministers",10
"mistake",10
"moment",10
"moves",10
"Multiple",10
"nature",10
"Nest",10
"NewsAlert",10
"novelcoronavirus",10
"Now",10
"NSW",10
"Nurses",10
"October",10
"Official",10
"options",10
"organization",10
"P",10
"Panicked",10
"patel",10
"percent",10
"plastic",10
"Pod",10
"posted",10
"priti",10
"process",10
"providing",10
"Qhfkc",10
"question",10
"raising",10
"reaching",10
"releases",10
"RepublicDay",10
"respond",10
"reuters",10
"scared",10
"scheme",10
"scientist",10
"seeking",10
"Shoppers",10
"signs",10
"soar",10
"Squawk",10
"SquawkCNBC",10
"stadium",10
"straining",10
"strategy",10
"supermarket",10
"supply",10
"swiftly",10
"till",10
"transparency",10
"trump",10
"uITcQc",10
"understand",10
"unity",10
"unprecedented",10
"urgent",10
"vehicles",10
"vice",10
"wake",10
"White",10
"xenophobia",10
"Xiaowei",10
"xiPRA",10
"You",10
"Affairs",9
"appeared",9
"astAI",9
"Babbage",9
"banned",9
"bat",9
"bigger",9
"bln",9
"bodies",9
"bring",9
"Bruised",9
"Buzyn",9
"carriers",9
"channels",9
"clearance",9
"clock",9
"completely",9
"continuing",9
"contracting",9
"cTeG",9
"customers",9
"customs",9
"cXbF",9
"DC",9
"Deaths",9
"decry",9
"deepening",9
"Delhi",9
"deliver",9
"Dozens",9
"dropped",9
"ECAV",9
"Embassy",9
"enormous",9
"enter",9
"EQtRV",9
"examined",9
"explainer",9
"External",9
"extraordinary",9
"facility",9
"fees",9
"Full",9
"GvDXwM",9
"Hangzhou",9
"hazmat",9
"hotel",9
"illnesses",9
"implemented",9
"isolated",9
"Jaishankar",9
"labelled",9
"Learn",9
"leisure",9
"London",9
"maintains",9
"management",9
"mariyamaguchi",9
"meals",9
"meets",9
"MERS",9
"newspaper",9
"NI",9
"nqpf",9
"pace",9
"pathetic",9
"professionals",9
"Quarantined",9
"recovered",9
"released",9
"relevant",9
"responsibility",9
"review",9
"RL",9
"RML",9
"robots",9
"Round",9
"sending",9
"service",9
"sharply",9
"shelves",9
"shortages",9
"soaked",9
"soap",9
"step",9
"sTvt",9
"suffering",9
"suits",9
"surge",9
"Suspected",9
"sweat",9
"ti",9
"timeline",9
"Together",9
"TuDK",9
"tumbled",9
"underway",9
"urging",9
"vaccines",9
"visit",9
"weeks",9
"won",9
"yesterday",9
"AaG",8
"acute",8
"al",8
"alf",8
"apne",8
"ara",8
"arabia",8
"aRQpov",8
"assistance",8
"attempts",8
"Auschwitz",8
"averse",8
"BcggU",8
"Big",8
"billion",8
"BlZuM",8
"brought",8
"Bryant",8
"bus",8
"casino",8
"Charles",8
"Chartered",8
"checkpoints",8
"Chesh",8
"Chinatown",8
"CNBCFastMoney",8
"CNNOpinion",8
"Confirmed",8
"cooperation",8
"coronarovirus",8
"covered",8
"crash",8
"crisscross",8
"critics",8
"daily",8
"DavidStanway",8
"delays",8
"demands",8
"densely",8
"detect",8
"development",8
"diagnoses",8
"discussed",8
"DrOz",8
"Earth",8
"Edinburgh",8
"Electronics",8
"employee",8
"en",8
"eradicate",8
"event",8
"falling",8
"FBL",8
"fever",8
"Financial",8
"flood",8
"focus",8
"Francis",8
"FTSE",8
"futures",8
"ghost",8
"Goldman",8
"grantshapps",8
"Harry",8
"Healthy",8
"Hebei",8
"HeekyongYang",8
"HHS",8
"His",8
"holding",8
"horwitzjosh",8
"hospitalised",8
"Impeachment",8
"increasingly",8
"Inside",8
"J",8
"JsXIi",8
"Lagos",8
"led",8
"legend",8
"Leishenshan",8
"leprosy",8
"Lethal",8
"losses",8
"Macau",8
"Man",8
"Markets",8
"Mike",8
"Mongolia",8
"Moscow",8
"mutate",8
"mutated",8
"nepal",8
"Nigeria",8
"ol",8
"outsiders",8
"outward",8
"Pacific",8
"Pandemic",8
"parade",8
"Patients",8
"pfFPC",8
"Philippines",8
"picture",8
"planes",8
"players",8
"POa",8
"PODCAST",8
"Pope",8
"populated",8
"Pressure",8
"previous",8
"Prince",8
"probes",8
"program",8
"prompting",8
"Punjab",8
"push",8
"pushed",8
"Q",8
"quick",8
"quoting",8
"railway",8
"ramping",8
"records",8
"red",8
"refuses",8
"Regional",8
"request",8
"Roman",8
"RvBdv",8
"RyDrDq",8
"saudi",8
"Secretary",8
"Security",8
"Senate",8
"session",8
"Seventeen",8
"sharper",8
"SiobhanRobbins",8
"speed",8
"spotlight",8
"Spread",8
"SquawkStreet",8
"Standard",8
"suggests",8
"survived",8
"Sydney",8
"sYHlNu",8
"Symptoms",8
"syndrome",8
"tAkacX",8
"talk",8
"talking",8
"TGNOl",8
"These",8
"Those",8
"THREAD",8
"throat",8
"tiEBw",8
"tied",8
"Toll",8
"tough",8
"transit",8
"Treasury",8
"uncertainty",8
"Under",8
"unwanted",8
"villages",8
"viruses",8
"visitors",8
"widens",8
"WSJheard",8
"xmrN",8
"yananw",8
"ybDO",8
"yields",8
"yq",8
"ZaL",8
"ZsOOp",8
"abandoned",7
"Adhanom",7
"adversity",7
"Agn",7
"aHNjn",7
"aiming",7
"alcohol",7
"Almost",7
"amidst",7
"angry",7
"announces",7
"Atlanta",7
"attempt",7
"avoiding",7
"Azar",7
"bolster",7
"campuses",7
"Center",7
"chant",7
"classes",7
"closure",7
"command",7
"comments",7
"committees",7
"Communist",7
"complicated",7
"coughing",7
"CwA",7
"dad",7
"deeper",7
"departs",7
"Details",7
"Duke",7
"efV",7
"Eight",7
"Ellde",7
"encouraged",7
"epidemics",7
"ET",7
"ethical",7
"eVRJ",7
"fanning",7
"faster",7
"ferries",7
"FLdF",7
"flew",7
"free",7
"frequent",7
"frontline",7
"Ghebreyesus",7
"Ghost",7
"globalization",7
"Guterres",7
"Han",7
"handed",7
"HauZN",7
"heritage",7
"holds",7
"housework",7
"hTBrl",7
"hunts",7
"ill",7
"Indoors",7
"Jiayou",7
"JkIcu",7
"joins",7
"joint",7
"joom",7
"jump",7
"kicks",7
"Kunshan",7
"landing",7
"laurabundock",7
"law",7
"lethal",7
"LgOzR",7
"limited",7
"Lushan",7
"Macao",7
"mammal",7
"map",7
"McDonalds",7
"midst",7
"mild",7
"Mingzhe",7
"MlSy",7
"Moody",7
"motor",7
"Mount",7
"neighboring",7
"NFrjg",7
"offered",7
"Opinion",7
"Outbreak",7
"overnight",7
"persons",7
"postponed",7
"preventative",7
"priority",7
"pupil",7
"pyGad",7
"QrX",7
"QUARANTINED",7
"queries",7
"rely",7
"remarkable",7
"RiWwuA",7
"rNuf",7
"rQx",7
"rRRN",7
"rub",7
"RzVmr",7
"safely",7
"scrambled",7
"semester",7
"Shares",7
"Shenzhen",7
"shouts",7
"slowdown",7
"Soup",7
"stage",7
"Stay",7
"stocking",7
"stressed",7
"supermarkets",7
"sUyVH",7
"tactic",7
"Taxi",7
"Tedros",7
"Tests",7
"ThingstoKnow",7
"Thirty",7
"tightens",7
"tnFcI",7
"Trapped",7
"travelled",7
"TTCit",7
"unbelievable",7
"unclear",7
"undergo",7
"understands",7
"undertaking",7
"UNESCO",7
"upgrades",7
"Victoria",7
"VongK",7
"vow",7
"water",7
"wef",7
"WtMJP",7
"xb",7
"YjI",7
"YrES",7
"Zhejiang",7
"zOQyw",7
"aafif",6
"abBlg",6
"actions",6
"activates",6
"adamsmiller",6
"adds",6
"administration",6
"ago",6
"agricultural",6
"ahirtens",6
"AIDS",6
"airplanes",6
"allegedly",6
"ALow",6
"americans",6
"amount",6
"analyst",6
"Analysts",6
"announcing",6
"answering",6
"Antarctica",6
"Anyone",6
"App",6
"arising",6
"arming",6
"Armitt",6
"arranging",6
"Aseer",6
"assess",6
"atmosphere",6
"avDfNQ",6
"azhiz",6
"bars",6
"baseless",6
"basketball",6
"bathroom",6
"BATS",6
"battlefield",6
"Bavarian",6
"bbc",6
"BBC",6
"behave",6
"Bgxc",6
"board",6
"boredom",6
"boss",6
"boxes",6
"braces",6
"breaking",6
"Brief",6
"briefed",6
"broadens",6
"bureaucracy",6
"byNF",6
"canceling",6
"casualty",6
"catastrophe",6
"caterinasoave",6
"Cathay",6
"celebrate",6
"censors",6
"ceremony",6
"challenge",6
"challenges",6
"changing",6
"chaos",6
"checking",6
"Chernobyl",6
"Christian",6
"Cirque",6
"civil",6
"Cockburn",6
"columnist",6
"Commissioner",6
"Companies",6
"comparing",6
"Concerns",6
"confronted",6
"Conservative",6
"conspiracy",6
"convert",6
"CoronaOutbreak",6
"CoronovirusOutbreak",6
"Correspondent",6
"Criticism",6
"Cruise",6
"csd",6
"currency",6
"CWlo",6
"Daily",6
"Danish",6
"dashboard",6
"decade",6
"defends",6
"delegation",6
"disclosed",6
"discusses",6
"disrupted",6
"dissent",6
"DkKu",6
"dodging",6
"donates",6
"downloads",6
"dramatic",6
"Drastic",6
"drops",6
"drugs",6
"Drugs",6
"du",6
"duty",6
"dVXT",6
"ear",6
"easily",6
"econ",6
"economies",6
"emerges",6
"emphasized",6
"ensure",6
"entire",6
"environmental",6
"EOxWoB",6
"Erin",6
"establishes",6
"executive",6
"exposing",6
"extend",6
"extent",6
"Ezhou",6
"faith",6
"falls",6
"fbam",6
"fearing",6
"feeling",6
"fill",6
"films",6
"fIQxIY",6
"footprints",6
"forcing",6
"Foshan",6
"fuel",6
"fueled",6
"gains",6
"GeiD",6
"German",6
"giants",6
"GoROu",6
"gourmands",6
"govt",6
"granting",6
"grapples",6
"Greta",6
"gripped",6
"grossly",6
"hamper",6
"hasn",6
"havoc",6
"HDpC",6
"headquarters",6
"heat",6
"Heightened",6
"helped",6
"hide",6
"highs",6
"hong",6
"hopeful",6
"hopes",6
"housing",6
"hubei",6
"Human",6
"hurt",6
"image",6
"imaging",6
"ImpeachmentTrial",6
"impose",6
"Infected",6
"info",6
"inspection",6
"instituting",6
"investigated",6
"Irish",6
"Its",6
"JamesTGallagher",6
"japan",6
"Jeff",6
"jgjb",6
"JimCramer",6
"Joe",6
"journalists",6
"junior",6
"JYnCK",6
"karenpaulscbc",6
"Kobe",6
"kong",6
"Lab",6
"landmarks",6
"lasts",6
"launch",6
"LcJK",6
"leaders",6
"limits",6
"linking",6
"liyuan",6
"lmXSU",6
"lockdowns",6
"losing",6
"lot",6
"lots",6
"ltcx",6
"lying",6
"machine",6
"MacKay",6
"majohns",6
"makers",6
"marking",6
"Max",6
"Maybe",6
"memories",6
"message",6
"Michigan",6
"Microbiology",6
"milder",6
"minor",6
"mobilizes",6
"Modi",6
"Mohali",6
"Morning",6
"movement",6
"Munich",6
"names",6
"Nasdaq",6
"nearest",6
"newsletter",6
"ninth",6
"NNfdEg",6
"normal",6
"NUGpkL",6
"O",6
"OfgPXV",6
"operators",6
"Oscar",6
"overburdened",6
"owned",6
"pacific",6
"Patel",6
"Patrick",6
"Paying",6
"performance",6
"performances",6
"permanent",6
"Person",6
"Peter",6
"pile",6
"plagued",6
"plants",6
"plunge",6
"pneumonialike",6
"police",6
"policemen",6
"polio",6
"POLw",6
"pop",6
"pose",6
"pouring",6
"Ppv",6
"predicts",6
"preliminary",6
"preserving",6
"Pretty",6
"prime",6
"Priti",6
"privately",6
"producers",6
"products",6
"progress",6
"prohibit",6
"prolonged",6
"proper",6
"pulling",6
"QB",6
"qgFdd",6
"racing",6
"racist",6
"range",6
"readiness",6
"recession",6
"referring",6
"relatives",6
"relying",6
"reminds",6
"repeat",6
"reporters",6
"residential",6
"responded",6
"restricted",6
"Returned",6
"REyJh",6
"rFDi",6
"riddled",6
"rml",6
"RnMM",6
"ROKjgc",6
"RPUaCf",6
"rundown",6
"rural",6
"Russian",6
"RyMta",6
"safe",6
"sale",6
"Save",6
"scary",6
"Scottish",6
"sdzrw",6
"security",6
"Several",6
"sGDy",6
"sGNyb",6
"shakes",6
"shanghai",6
"She",6
"sickening",6
"sixth",6
"size",6
"slowing",6
"slumped",6
"SNAKES",6
"soared",6
"Soleil",6
"sources",6
"specialist",6
"speeding",6
"squelch",6
"stability",6
"stems",6
"Stock",6
"stoking",6
"Stop",6
"Store",6
"strong",6
"suffer",6
"suspect",6
"suspending",6
"tackle",6
"tanked",6
"tapped",6
"tens",6
"theory",6
"Thread",6
"threatening",6
"Thunberg",6
"tighten",6
"times",6
"TKPwL",6
"Toole",6
"torched",6
"Total",6
"touch",6
"TQaRQE",6
"transfered",6
"transparent",6
"Transport",6
"tribute",6
"tripled",6
"trouble",6
"tVD",6
"tweets",6
"UA",6
"ueyn",6
"underestimated",6
"undergrads",6
"uphwGY",6
"upped",6
"urban",6
"uRPDp",6
"usK",6
"vacuum",6
"vigilance",6
"villagers",6
"visa",6
"visas",6
"vowed",6
"voyages",6
"vtLUjX",6
"vVEqK",6
"washingtonpost",6
"weaken",6
"weakened",6
"weigh",6
"West",6
"Winnipeg",6
"wipe",6
"wiping",6
"wreaked",6
"WSJopinion",6
"wUUD",6
"xi",6
"xJCj",6
"xnz",6
"yates",6
"Yg",6
"Your",6
"ysl",6
"zaxn",6
"zone",6
"Abs",5
"afield",5
"Air",5
"aJPXIP",5
"Al",5
"Allow",5
"amm",5
"Andrea",5
"andrealeadsom",5
"Anger",5
"answer",5
"aqm",5
"army",5
"Arrivals",5
"asq",5
"avh",5
"awi",5
"baffling",5
"Bahrain",5
"balconies",5
"Bangladesh",5
"beat",5
"Bociurkiw",5
"Bordeaux",5
"broadened",5
"busy",5
"calm",5
"candidates",5
"capability",5
"catecadell",5
"chance",5
"Chunlan",5
"Click",5
"Closed",5
"commodities",5
"conquer",5
"considerably",5
"constitute",5
"Consulate",5
"CORONAVIRUS",5
"Correction",5
"corridors",5
"count",5
"countrywide",5
"court",5
"CPC",5
"Dca",5
"Dejevsky",5
"departed",5
"Deserted",5
"details",5
"devoid",5
"diagnostic",5
"discourage",5
"disturbing",5
"Doctors",5
"downgrade",5
"eats",5
"Eerie",5
"embodies",5
"End",5
"enhanced",5
"entries",5
"escape",5
"evaluate",5
"Eve",5
"Executive",5
"Experts",5
"Federal",5
"findings",5
"forces",5
"foreigners",5
"GFQrE",5
"Go",5
"greet",5
"grinding",5
"Guangdong",5
"guided",5
"GwPS",5
"happened",5
"harbors",5
"HcxC",5
"Healthcare",5
"highways",5
"Hit",5
"HKQr",5
"hoaMA",5
"host",5
"hub",5
"hunting",5
"iALwz",5
"imposed",5
"indefinite",5
"industrial",5
"internet",5
"involves",5
"japanese",5
"Jun",5
"Jwy",5
"keqiang",5
"KHJ",5
"kkhWW",5
"KleqA",5
"Laos",5
"Leadsom",5
"LI",5
"lift",5
"loaded",5
"Local",5
"LRpMC",5
"lRUa",5
"majority",5
"Make",5
"manufacture",5
"Mary",5
"mayhem",5
"measured",5
"minimal",5
"move",5
"mpQA",5
"mulls",5
"multiple",5
"Museum",5
"Myanmar",5
"NBC",5
"neighbouring",5
"NjNI",5
"Nobody",5
"nQxYl",5
"Nurse",5
"NVpKxk",5
"OdCt",5
"Op",5
"operationalised",5
"Orange",5
"organizations",5
"outskirts",5
"oVNvV",5
"OYHFn",5
"package",5
"pain",5
"park",5
"pdbmwiR",5
"Penn",5
"Philadelphia",5
"photos",5
"plug",5
"po",5
"poverty",5
"powerhouse",5
"protein",5
"publish",5
"pulled",5
"pulls",5
"pxms",5
"Quiet",5
"Rat",5
"Rd",5
"reaction",5
"receiving",5
"recommendation",5
"regional",5
"reopen",5
"Resort",5
"resources",5
"RgUE",5
"River",5
"Rome",5
"routinely",5
"RoWF",5
"RPNiEX",5
"Scenes",5
"School",5
"Screening",5
"select",5
"ships",5
"shops",5
"sHsb",5
"singing",5
"sit",5
"soars",5
"solidarity",5
"spark",5
"spirits",5
"statistics",5
"STORY",5
"StsCM",5
"subways",5
"Sun",5
"Supplies",5
"surfaced",5
"sWaNK",5
"symptomatic",5
"Tales",5
"talked",5
"Tarik",5
"therapeutic",5
"thirties",5
"THnl",5
"Thousands",5
"timelapse",5
"tour",5
"TOyysJ",5
"Tracking",5
"traffic",5
"TRAPPED",5
"TRrQSH",5
"Turkey",5
"tYNutx",5
"uayik",5
"uCnDK",5
"Uganda",5
"Ujjain",5
"unwell",5
"Upon",5
"Urges",5
"valuable",5
"vfXZ",5
"Vice",5
"VIDEO",5
"viY",5
"vLuz",5
"waiving",5
"western",5
"wide",5
"widget",5
"William",5
"withholding",5
"workload",5
"worrying",5
"XdiQR",5
"Xianwang",5
"Yangtze",5
"ykXLz",5
"yOAse",5
"Zambia",5
"Zhou",5
"zrggh",5
"aaJ",4
"aALPLf",4
"Abraham",4
"abundant",4
"abuse",4
"accelerate",4
"accelerates",4
"aCLPKP",4
"acquitted",4
"aDJkIk",4
"aDmAIa",4
"admit",4
"admitted",4
"adult",4
"advertido",4
"advised",4
"afe",4
"AfhQ",4
"afraid",4
"African",4
"agnZv",4
"ahead",4
"aHmM",4
"Ahora",4
"aHpd",4
"Ahuja",4
"akj",4
"Alarms",4
"allowed",4
"Also",4
"aLTDKr",4
"aLuz",4
"Am",4
"AmQpK",4
"aMRbmH",4
"aMzVxZ",4
"analysts",4
"Animal",4
"Anjana",4
"anniversary",4
"answered",4
"antes",4
"Anxieties",4
"apg",4
"apparent",4
"appearing",4
"application",4
"approves",4
"APThingstoKnow",4
"aq",4
"aQXDJE",4
"arf",4
"arrivals",4
"article",4
"arts",4
"Ask",4
"asp",4
"assets",4
"Association",4
"attempting",4
"Attendants",4
"auq",4
"Australians",4
"authoritarianism",4
"Authority",4
"auto",4
"automakers",4
"auv",4
"Average",4
"averages",4
"aversion",4
"avj",4
"avoided",4
"await",4
"axUQoA",4
"azNmRZ",4
"bA",4
"BA",4
"baby",4
"barricades",4
"barricading",4
"battered",4
"battling",4
"BD",4
"beating",4
"Bengaluru",4
"Berlin",4
"bets",4
"bhubaneswar",4
"Bhubaneswar",4
"binary",4
"Biotech",4
"biotechnology",4
"BiPq",4
"birth",4
"blamed",4
"BmUvJ",4
"boasting",4
"BQn",4
"brace",4
"breakdown",4
"Brihanmumbai",4
"britain",4
"britons",4
"broke",4
"Businesses",4
"cada",4
"caesarean",4
"california",4
"Call",4
"Calls",4
"canada",4
"capable",4
"capacidad",4
"capacity",4
"carefully",4
"carlquintanilla",4
"carried",4
"carrier",4
"carrying",4
"Case",4
"Cases",4
"catching",4
"caution",4
"cautioned",4
"cautiously",4
"celebrates",4
"centers",4
"Centre",4
"CHAH",4
"Chandigarh",4
"change",4
"charities",4
"Chennai",4
"chiefs",4
"chill",4
"choppers",4
"ChPilgrim",4
"cinema",4
"cirus",4
"citywide",4
"climax",4
"closely",4
"Closely",4
"closer",4
"clothing",4
"Cloud",4
"Cmte",4
"cNDaxZr",4
"COBRA",4
"cobras",4
"college",4
"Columnist",4
"commentator",4
"complacency",4
"conclusion",4
"conducts",4
"Confirmation",4
"Congressman",4
"consequences",4
"construct",4
"contagio",4
"continent",4
"continents",4
"continuous",4
"convened",4
"coping",4
"core",4
"Corporation",4
"corrects",4
"costs",4
"Could",4
"coyae",4
"Crace",4
"cranks",4
"creates",4
"crew",4
"CrKCs",4
"crossings",4
"crown",4
"CSMI",4
"cured",4
"cuts",4
"cutting",4
"Daddy",4
"damaging",4
"DannyBoyle",4
"daughter",4
"Dave",4
"DavidFaber",4
"decline",4
"declined",4
"decriminalised",4
"defeat",4
"defeating",4
"del",4
"deliberation",4
"delivered",4
"depending",4
"designed",4
"DETAILS",4
"develop",4
"Developing",4
"device",4
"diapers",4
"differences",4
"difficulty",4
"directly",4
"disaster",4
"Disneytown",4
"distance",4
"Division",4
"dl",4
"domestic",4
"Don",4
"dragged",4
"drags",4
"drastic",4
"dumped",4
"Dunn",4
"EafO",4
"earthquake",4
"eating",4
"ebbb",4
"Editorial",4
"eGdmK",4
"Egyptian",4
"el",4
"eliminated",4
"Elizabeth",4
"ELym",4
"em",4
"Emerged",4
"emergence",4
"enacting",4
"endeavored",4
"envoy",4
"ER",4
"ERbZsV",4
"es",4
"escalation",4
"espa",4
"Espa",4
"Eswar",4
"EU",4
"europe",4
"evading",4
"Events",4
"evidence",4
"Ex",4
"exposed",4
"extending",4
"extensive",4
"extradition",4
"eye",4
"EyqA",4
"eZTnTD",4
"fa",4
"Face",4
"facebook",4
"factories",4
"factors",4
"fairs",4
"Fed",4
"fidget",4
"fighter",4
"fire",4
"firm",4
"firms",4
"Firstly",4
"flag",4
"Flight",4
"flourish",4
"foiRObQ",4
"Following",4
"Ford",4
"formal",4
"Fourth",4
"frontlines",4
"furious",4
"FUulh",4
"FyOI",4
"games",4
"Gardam",4
"GBgKsZ",4
"GbYDdc",4
"GcAfL",4
"gears",4
"girds",4
"girl",4
"gJiS",4
"Gjkg",4
"Gjta",4
"Gkkux",4
"GopLFJ",4
"Gospvh",4
"Gov",4
"GqJDrT",4
"grapple",4
"grappling",4
"grew",4
"grounded",4
"Guardian",4
"guide",4
"GwQwI",4
"gydqZY",4
"gye",4
"gym",4
"ha",4
"halting",4
"halve",4
"hancock",4
"Harrowing",4
"Harvey",4
"haven",4
"Head",4
"heath",4
"held",4
"History",4
"Homeland",4
"hotels",4
"hurting",4
"husband",4
"hyderabad",4
"Hyderabad",4
"i",4
"ia",4
"iankingsky",4
"IAuy",4
"Il",4
"images",4
"IMF",4
"Impact",4
"impacted",4
"inbox",4
"Including",4
"incurring",4
"indefinitely",4
"Industrial",4
"injured",4
"Inslee",4
"instruments",4
"inter",4
"internationally",4
"introduce",4
"inundated",4
"investigates",4
"IOC",4
"iphone",4
"Island",4
"iSliaW",4
"iTUeP",4
"IUCzA",4
"jaishankar",4
"JamesMatthewSky",4
"Jay",4
"jet",4
"John",4
"JRoNCXY",4
"jssi",4
"K",4
"KFpF",4
"killer",4
"kindergartens",4
"Kindergartens",4
"kmMB",4
"kno",4
"Kochi",4
"Kolkata",4
"Korean",4
"koustavsamanta",4
"KPgrEi",4
"ksp",4
"KV",4
"la",4
"lawyers",4
"LdkV",4
"Lead",4
"Leaks",4
"leash",4
"Lebeaucarnews",4
"Lewis",4
"LgmJM",4
"Libya",4
"Lindmeier",4
"lived",4
"LJtaT",4
"LKA",4
"LMik",4
"logs",4
"los",4
"LrKB",4
"lsAmW",4
"ltr",4
"Luanda",4
"Luckin",4
"Luxury",4
"lVjqn",4
"male",4
"mapped",4
"Matildas",4
"matt",4
"Mayor",4
"MbSxr",4
"MEA",4
"medic",4
"midnight",4
"Million",4
"Millions",4
"Misinformation",4
"Mnuchin",4
"mode",4
"Moderna",4
"module",4
"mom",4
"monitored",4
"Monitoring",4
"monitors",4
"monster",4
"mortal",4
"moved",4
"MtXNX",4
"mummy",4
"Municipal",4
"Munoz",4
"MXDpg",4
"N",4
"NDRqXg",4
"NDTVLeadStory",4
"neighbors",4
"Nelson",4
"NHS",4
"night",4
"NooUDb",4
"NpEHTQ",4
"ntomas",4
"NTpQX",4
"NUlCr",4
"nurses",4
"NvfvPV",4
"NXhZ",4
"Oacx",4
"OawpH",4
"Oceanian",4
"ocurrir",4
"Of",4
"offences",4
"officers",4
"Ofs",4
"oHkRY",4
"Olympics",4
"Ope",4
"openness",4
"operation",4
"opinion",4
"opportunities",4
"organizing",4
"originating",4
"OSQeH",4
"overcoming",4
"oversees",4
"overview",4
"Ovx",4
"pajama",4
"Palace",4
"panel",4
"partner",4
"party",4
"passport",4
"pathogens",4
"pct",4
"Perspective",4
"perverse",4
"Pharmacies",4
"PHEIC",4
"piece",4
"Pinarayi",4
"plague",4
"playbook",4
"pLh",4
"plw",4
"podfollow",4
"Police",4
"pondered",4
"position",4
"posting",4
"Potala",4
"Prasad",4
"premature",4
"Pres",4
"presence",4
"presentar",4
"presumed",4
"price",4
"Production",4
"profile",4
"prominent",4
"propagaci",4
"provinces",4
"pT",4
"publishing",4
"puede",4
"puedes",4
"pull",4
"pullback",4
"pune",4
"Pune",4
"punishes",4
"punjab",4
"pvS",4
"PWTs",4
"QD",4
"qfzzv",4
"qiZd",4
"qjvb",4
"qualifiers",4
"Quarantine",4
"qVkWUV",4
"qwu",4
"QyrQI",4
"Qz",4
"Raghu",4
"raise",4
"Rajasthan",4
"ramifications",4
"rape",4
"RAqslT",4
"rattles",4
"RBtyGt",4
"RDiB",4
"reassure",4
"recertification",4
"recipe",4
"Reconsider",4
"reconvene",4
"recovery",4
"recreate",4
"reducing",4
"reductions",4
"renewed",4
"represents",4
"republic",4
"resist",4
"restart",4
"restriction",4
"restrictive",4
"resumes",4
"retailers",4
"returns",4
"reveals",4
"reversal",4
"revolutionise",4
"RgBvA",4
"ripple",4
"rips",4
"Rise",4
"RKQXS",4
"RlPaj",4
"Rlxbv",4
"Rmhxo",4
"Rnw",4
"roads",4
"rocked",4
"roiled",4
"roll",4
"RosaT",4
"Roughly",4
"RrimMh",4
"RrllV",4
"RsXrIC",4
"RtnCz",4
"RuHGRy",4
"rushing",4
"RVoF",4
"RwXOSR",4
"RwYtn",4
"RyBmZx",4
"RyiWb",4
"RZQjw",4
"Sachs",4
"sales",4
"Sara",4
"save",4
"Says",4
"sc",4
"Scare",4
"sdcXvL",4
"Sec",4
"sector",4
"sectors",4
"selling",4
"Senators",4
"sensors",4
"separated",4
"servie",4
"severity",4
"shake",4
"share",4
"sharing",4
"Sharma",4
"shave",4
"shift",4
"shutters",4
"sick",4
"Sign",4
"signal",4
"Significant",4
"silences",4
"sink",4
"sIxWJT",4
"skeptical",4
"skynewsdaily",4
"SkyOceanRescue",4
"sleep",4
"slumps",4
"sMcnxeC",4
"sn",4
"sNaxXM",4
"snjk",4
"Source",4
"south",4
"southern",4
"space",4
"sparks",4
"spiked",4
"spikes",4
"spinners",4
"spoke",4
"spooks",4
"SqTDt",4
"sRNjQi",4
"sSdHYIQ",4
"stemming",4
"steveliesman",4
"store",4
"Story",4
"street",4
"stricter",4
"Stricter",4
"subsidies",4
"sufferers",4
"supplier",4
"surface",4
"surges",4
"surpasses",4
"surveillance",4
"suspects",4
"sUvoZd",4
"sweeping",4
"tally",4
"tBGHGa",4
"tBYvx",4
"tcmq",4
"tech",4
"technology",4
"Temple",4
"Tesco",4
"TgCC",4
"thanking",4
"TheChrisPrice",4
"thieves",4
"Third",4
"Thomas",4
"tIBfS",4
"tight",4
"Tim",4
"TKDLS",4
"TKmuY",4
"tLDGDr",4
"tNhV",4
"tolls",4
"tOrsh",4
"touts",4
"traced",4
"tract",4
"traded",4
"Travellers",4
"treatments",4
"troubling",4
"trust",4
"trusts",4
"tRvQIi",4
"tumbles",4
"turnaround",4
"TVsH",4
"Twenty",4
"tXesV",4
"TXVHZD",4
"TYBxik",4
"TYITCv",4
"types",4
"TZKBI",4
"UgnH",4
"UhIoX",4
"uhMiS",4
"uILHJ",4
"UivU",4
"Ultimately",4
"UMhfS",4
"underestimating",4
"understood",4
"union",4
"Union",4
"united",4
"UnitedStates",4
"unraveling",4
"unveils",4
"upend",4
"upending",4
"UqTaM",4
"USA",4
"usual",4
"utGEfq",4
"UUfkj",4
"uVKio",4
"uwbO",4
"uxAif",4
"vafv",4
"Vancouver",4
"vcku",4
"veer",4
"ver",4
"Very",4
"vez",4
"vgSnf",4
"vHZBl",4
"victim",4
"VIDEOS",4
"view",4
"Vijayan",4
"Villages",4
"visual",4
"VlIZLCx",4
"vnsiho",4
"volatile",4
"volume",4
"voOSv",4
"vows",4
"vQntg",4
"vsXFak",4
"vuJa",4
"wall",4
"walls",4
"Walt",4
"Warren",4
"watchdog",4
"Wb",4
"wears",4
"Webasto",4
"Weinstein",4
"Who",4
"willingness",4
"windfall",4
"winnnni",4
"witnesses",4
"Woman",4
"Worries",4
"worsens",4
"wrongly",4
"xjsM",4
"xVKNW",4
"xYx",4
"yaTth",4
"yopi",4
"yrlAT",4
"ZMIZa",4
"zmkk",4
"Zu",4
"zWDE",4
"account",3
"accounted",3
"Administration",3
"aisles",3
"aKWdQB",3
"Alex",3
"apo",3
"arguments",3
"aub",3
"azFjEJ",3
"Azraqi",3
"broadly",3
"bulldozers",3
"buy",3
"cars",3
"catches",3
"CfXmb",3
"Chairman",3
"Channel",3
"chartered",3
"cheated",3
"cheer",3
"ChineseNewYear",3
"choose",3
"clarifies",3
"Clark",3
"Clorox",3
"coach",3
"Colgate",3
"College",3
"Command",3
"concluded",3
"congestion",3
"counts",3
"credit",3
"decides",3
"deep",3
"Democrats",3
"depart",3
"departing",3
"DerekGatherer",3
"detail",3
"determined",3
"diagnose",3
"diggers",3
"disappointing",3
"disclose",3
"dismal",3
"doubles",3
"Drug",3
"dW",3
"dY",3
"Each",3
"eFxq",3
"ElyHQfY",3
"encourage",3
"eq",3
"eQ",3
"estimated",3
"everyday",3
"eX",3
"expat",3
"explain",3
"facilities",3
"fish",3
"fKrdI",3
"Food",3
"force",3
"Gamble",3
"Garrett",3
"gatherings",3
"General",3
"genocide",3
"governance",3
"GtfN",3
"guard",3
"Howard",3
"Hundreds",3
"IlOYL",3
"Imperial",3
"Increased",3
"inevitable",3
"infecting",3
"Infection",3
"initial",3
"jbLi",3
"JjUMFv",3
"Kharn",3
"kilometers",3
"Kimberly",3
"Lambert",3
"LancasterUni",3
"Laurie",3
"lecturer",3
"LeOj",3
"lgqm",3
"machinery",3
"manage",3
"Markel",3
"Martial",3
"Melbourne",3
"met",3
"metro",3
"middle",3
"Military",3
"minimize",3
"MJLd",3
"mn",3
"Mystery",3
"NHDcov",3
"NMYaCj",3
"northern",3
"nosedived",3
"NSv",3
"Palmolive",3
"pending",3
"planned",3
"Pneumonia",3
"poised",3
"posed",3
"Priority",3
"Procter",3
"ptmOH",3
"QmrnB",3
"qroP",3
"qteG",3
"quality",3
"rallying",3
"ramped",3
"ratings",3
"real",3
"Recent",3
"Region",3
"REjVVW",3
"RHCskf",3
"RIcENlg",3
"Rohingya",3
"ROjpo",3
"RouQnV",3
"RpFzhU",3
"RsNZVG",3
"ruled",3
"Rxapj",3
"RxiMkx",3
"Scientific",3
"sCZmiz",3
"selloff",3
"sentiment",3
"sets",3
"sickens",3
"Snohomish",3
"sold",3
"speak",3
"Spot",3
"sRIIO",3
"stable",3
"struck",3
"sufficient",3
"Swat",3
"sWHJwb",3
"tainted",3
"Tangshan",3
"task",3
"tbH",3
"tCkeZI",3
"TNw",3
"Tour",3
"tourists",3
"trace",3
"TUDH",3
"TY",3
"Uadk",3
"uEDx",3
"ujjain",3
"Unites",3
"unknown",3
"uoBzq",3
"vdjLf",3
"viewed",3
"viruss",3
"vv",3
"walk",3
"walked",3
"wash",3
"wear",3
"website",3
"weighed",3
"wuhans",3
"xfdjD",3
"XXU",3
"zQcg",3
"Academy",2
"accN",2
"According",2
"accused",2
"AChilkoti",2
"actress",2
"aCzdTP",2
"admits",2
"adviser",2
"Advisory",2
"Aercap",2
"affair",2
"aged",2
"Agnes",2
"aIQQQ",2
"airlift",2
"aIvJn",2
"aJDFAk",2
"aJgruc",2
"aKCtN",2
"akjSX",2
"alerts",2
"alive",2
"AlJpQ",2
"aLl",2
"allegations",2
"Allowing",2
"aMAQhM",2
"americas",2
"Andrew",2
"anw",2
"anxiety",2
"Anxiety",2
"aNxqve",2
"aok",2
"aow",2
"ape",2
"APExplains",2
"apologize",2
"approach",2
"apwxe",2
"arevi",2
"arm",2
"arose",2
"ary",2
"Asians",2
"asias",2
"at",2
"attention",2
"Austria",2
"awaiting",2
"awakening",2
"awr",2
"Axing",2
"backlash",2
"bad",2
"Bailey",2
"bank",2
"banking",2
"bases",2
"Basketball",2
"Bath",2
"bavarian",2
"bc",2
"Belfast",2
"besmirch",2
"Bezos",2
"BhrmT",2
"bill",2
"bin",2
"biotech",2
"bitcoin",2
"bkj",2
"Blair",2
"Body",2
"Bogoch",2
"bond",2
"boost",2
"boosting",2
"BoQG",2
"bounce",2
"bout",2
"boy",2
"bQTPPW",2
"BQtqk",2
"brain",2
"break",2
"Brent",2
"Brexit",2
"BrexitDeal",2
"Bristol",2
"broad",2
"Bruce",2
"bssr",2
"bug",2
"bW",2
"cafes",2
"calmed",2
"calms",2
"cameraman",2
"camp",2
"campaigning",2
"canadas",2
"cap",2
"cards",2
"care",2
"carry",2
"cartoon",2
"cats",2
"cautious",2
"ccSZIBhsRvE",2
"cdc",2
"censoring",2
"centralized",2
"changer",2
"character",2
"chart",2
"chastises",2
"Checkpoints",2
"chicago",2
"cinemas",2
"circulate",2
"claiming",2
"class",2
"clinical",2
"cNDTr",2
"collected",2
"collection",2
"Columbia",2
"commemoration",2
"commerce",2
"commissioner",2
"compares",2
"complacent",2
"complex",2
"complicating",2
"conducted",2
"confirmation",2
"confirming",2
"contacts",2
"continued",2
"contradictions",2
"controls",2
"conversation",2
"coronarvirus",2
"Coronaviruses",2
"cost",2
"coughs",2
"Cowen",2
"Cramer",2
"creative",2
"criminal",2
"crises",2
"critically",2
"crude",2
"crumble",2
"cures",2
"currencies",2
"cyUx",2
"daf",2
"danger",2
"deemed",2
"deepen",2
"deepest",2
"delhi",2
"delhis",2
"departure",2
"Dept",2
"depth",2
"describes",2
"Despite",2
"detainee",2
"detaining",2
"detects",2
"developed",2
"DEVELOPING",2
"DFzAH",2
"diasporas",2
"differs",2
"discharged",2
"discourages",2
"discouraging",2
"discover",2
"disorder",2
"display",2
"district",2
"dogs",2
"DoH",2
"domestically",2
"donate",2
"dont",2
"doubling",2
"downplays",2
"Doyle",2
"dr",2
"dretf",2
"drive",2
"Drosten",2
"Due",2
"duo",2
"Earthquake",2
"ebola",2
"EC",2
"ECMO",2
"economical",2
"edge",2
"effectiveness",2
"EI",2
"elderly",2
"Elderly",2
"Elon",2
"embark",2
"emergencies",2
"emn",2
"encouraging",2
"enhance",2
"environment",2
"EOIBeijing",2
"Epidemics",2
"error",2
"errors",2
"escalate",2
"EuvYxZd",2
"eve",2
"Every",2
"Everyone",2
"eVLGT",2
"evolution",2
"EW",2
"exceeded",2
"exclusion",2
"Exclusive",2
"expect",2
"Expert",2
"expressions",2
"extraordinarily",2
"FadTtpv",2
"failed",2
"FClfud",2
"Fear",2
"feared",2
"fearful",2
"feats",2
"Federation",2
"fevers",2
"FHDbe",2
"fhUdGbq",2
"Fifth",2
"figure",2
"finalising",2
"financing",2
"Fisher",2
"flare",2
"flaws",2
"Flights",2
"flow",2
"Flying",2
"fojl",2
"Forces",2
"Former",2
"forward",2
"Fourteen",2
"FQmRtc",2
"FQyQF",2
"frail",2
"funding",2
"fury",2
"FYISJ",2
"fzr",2
"gained",2
"gathering",2
"gauge",2
"Gaxs",2
"gcwD",2
"Geneva",2
"genome",2
"germany",2
"GgSIU",2
"GhgEqg",2
"GifniJ",2
"GkiVi",2
"Gmyg",2
"GnBrH",2
"GoGPb",2
"GpHsEW",2
"gravity",2
"GRMLq",2
"gun",2
"gUSsPi",2
"Gvdxve",2
"GvoJYD",2
"Gwenrs",2
"Gxcoo",2
"GzpKyM",2
"handful",2
"Happy",2
"harsh",2
"haryana",2
"Haryana",2
"hatred",2
"havens",2
"Hayat",2
"healthy",2
"heavy",2
"heightened",2
"helicopter",2
"highlights",2
"hinted",2
"historic",2
"HJjjgY",2
"HJyUUXe",2
"Hoaxes",2
"holidays",2
"Holocaust",2
"homes",2
"hope",2
"hostile",2
"hotlines",2
"Hotlines",2
"house",2
"huanggang",2
"humanity",2
"HuRt",2
"HuzC",2
"hysteria",2
"Ia",2
"IAS",2
"IBM",2
"idea",2
"identify",2
"IMo",2
"implicated",2
"imported",2
"inbound",2
"inch",2
"incoming",2
"incompetence",2
"indices",2
"industries",2
"Infirmary",2
"inflict",2
"infrastructure",2
"Initial",2
"installs",2
"insurance",2
"investigate",2
"Isaac",2
"isn",2
"Italian",2
"Italy",2
"Ja",2
"James",2
"Jeremy",2
"jIGzN",2
"jinping",2
"jmcLA",2
"JMqsl",2
"JoeSquawk",2
"Jordan",2
"Journal",2
"JscX",2
"judges",2
"Keep",2
"Keir",2
"kgcq",2
"Killer",2
"kjhCk",2
"KK",2
"KobeBryant",2
"KQJU",2
"kxG",2
"Kynge",2
"laboratory",2
"Labour",2
"LaurenPelley",2
"layoffs",2
"lc",2
"leads",2
"Lehman",2
"Letters",2
"liberation",2
"likelihood",2
"lingers",2
"LIVE",2
"Long",2
"longtime",2
"lose",2
"LqFsl",2
"lqkm",2
"luck",2
"lung",2
"luriXQo",2
"lurks",2
"lvmgl",2
"lxrh",2
"lyrvZ",2
"MadMoneyOnCNBC",2
"malaysia",2
"mapping",2
"Mapping",2
"mark",2
"Masks",2
"May",2
"MBrgoSA",2
"McVm",2
"measles",2
"measure",2
"meat",2
"mere",2
"mHSGG",2
"midday",2
"misinformation",2
"Mobile",2
"mohali",2
"Mohammed",2
"money",2
"Monty",2
"Moore",2
"Mortgage",2
"Mother",2
"mrFDrw",2
"MTR",2
"Muraleedharan",2
"Musk",2
"muted",2
"MvMZf",2
"MVoq",2
"MVpXS",2
"NCDC",2
"nCov",2
"nears",2
"NeiZG",2
"nhs",2
"nightmare",2
"Nike",2
"Nine",2
"Niq",2
"nMoNl",2
"nna",2
"NNPZFY",2
"nOK",2
"North",2
"npv",2
"NVtfUo",2
"NVzCqV",2
"NW",2
"NYtvJ",2
"OaKxZ",2
"OAtG",2
"occurs",2
"OgKH",2
"oJDd",2
"ONII",2
"Ontario",2
"opaque",2
"operating",2
"operational",2
"Opinions",2
"opting",2
"ORVtW",2
"orZGYZk",2
"Os",2
"OTpVw",2
"Outside",2
"overreacting",2
"Overseas",2
"owner",2
"p",2
"paper",2
"paramedic",2
"partners",2
"paving",2
"pay",2
"paying",2
"pB",2
"PByVe",2
"performing",2
"Phan",2
"PHE",2
"physicians",2
"pictures",2
"picturesque",2
"pinarayi",2
"Plan",2
"platforms",2
"player",2
"plunges",2
"pm",2
"poin",2
"policies",2
"politician",2
"popping",2
"poses",2
"Post",2
"precise",2
"probable",2
"profit",2
"pros",2
"prospects",2
"protected",2
"Protection",2
"provision",2
"pSvOS",2
"purely",2
"pxsgx",2
"Python",2
"PZDb",2
"QDLlg",2
"qdp",2
"qeY",2
"QFVi",2
"quarter",2
"qzq",2
"raises",2
"rally",2
"ranging",2
"rates",2
"RatTu",2
"RBDPkI",2
"RbXG",2
"reality",2
"recalled",2
"recalls",2
"record",2
"recover",2
"Remembering",2
"repatriate",2
"repo",2
"required",2
"requires",2
"rerouted",2
"reserve",2
"result",2
"Retired",2
"revDr",2
"reviewed",2
"RFKu",2
"rGVyo",2
"RhItVZ",2
"RHPnmd",2
"RJVTcq",2
"RLtthV",2
"RMuID",2
"Roach",2
"Road",2
"robotic",2
"rocks",2
"roughly",2
"routine",2
"Royal",2
"RPypTh",2
"Rq",2
"RqsnJI",2
"RRMxb",2
"RrWOi",2
"RSfaIK",2
"RsKqz",2
"RSqWB",2
"RTCnKG",2
"RtJvM",2
"RTSHE",2
"RubfTb",2
"rugby",2
"RUklP",2
"rule",2
"rumors",2
"Ruptly",2
"RvbW",2
"RvyrR",2
"RWKplF",2
"RxcyT",2
"ryv",2
"rznh",2
"salary",2
"Salman",2
"Sam",2
"sanitizer",2
"Saracens",2
"Sciences",2
"season",2
"seasons",2
"seattle",2
"secures",2
"sequences",2
"Services",2
"Shailaja",2
"shrug",2
"shudder",2
"shutdowns",2
"Siegel",2
"signaling",2
"similarity",2
"Sir",2
"SjeK",2
"skyrocketing",2
"slash",2
"slight",2
"slip",2
"slipped",2
"slump",2
"smoking",2
"soil",2
"son",2
"Southern",2
"Spencerjakab",2
"spend",2
"spooked",2
"spurs",2
"squirrels",2
"sQVJ",2
"stall",2
"star",2
"Starmer",2
"starts",2
"steadfast",2
"steep",2
"Stephen",2
"StephLandsman",2
"stoked",2
"Stores",2
"strength",2
"strikes",2
"stuck",2
"Stumpf",2
"style",2
"sudden",2
"sunday",2
"supported",2
"suppressing",2
"surging",2
"surreal",2
"survivor",2
"Sussexes",2
"sVapnXg",2
"SVF",2
"swab",2
"Swift",2
"Swiss",2
"sYcIb",2
"Taylor",2
"TaylorSwift",2
"teaches",2
"Teesside",2
"ten",2
"Terry",2
"tFBL",2
"thailand",2
"THd",2
"thermal",2
"tHlDhH",2
"tHmYR",2
"threatened",2
"tick",2
"tide",2
"tighter",2
"Timeline",2
"tIXXcK",2
"tk",2
"tkzwt",2
"tone",2
"tonight",2
"Too",2
"tops",2
"trader",2
"TradingNation",2
"tragically",2
"translation",2
"Travelers",2
"tributes",2
"tRRhsy",2
"true",2
"truth",2
"TSqAr",2
"TSVAi",2
"TSWKKl",2
"TTMJg",2
"tumour",2
"TUOXM",2
"TUqYI",2
"TUxH",2
"TV",2
"TVPds",2
"TVpZfJ",2
"tWsPF",2
"TXHzzz",2
"TYWX",2
"uEOgMA",2
"uINLu",2
"ULGcH",2
"ulvxt",2
"umIRw",2
"underreported",2
"unnecessary",2
"unOszv",2
"unwarranted",2
"upoNGQ",2
"uqjpmP",2
"URGENT",2
"urQe",2
"useless",2
"users",2
"utviYT",2
"uurSVL",2
"uvOXHO",2
"uzfm",2
"UzLfW",2
"uzwY",2
"V",2
"vardhan",2
"vbae",2
"VbEr",2
"vcZPus",2
"VDBW",2
"vepvM",2
"vfNj",2
"vgRyD",2
"VhXpTm",2
"Victims",2
"View",2
"vijaya",2
"violence",2
"virologist",2
"vJCXE",2
"vjth",2
"vmCp",2
"vnUeSp",2
"vulnerable",2
"vvFDB",2
"wakes",2
"wards",2
"watchful",2
"WATCHLIVE",2
"wbtbp",2
"wdq",2
"weak",2
"weeklong",2
"WeinsteinTrial",2
"wfgw",2
"Which",2
"Whirlpool",2
"whvp",2
"Works",2
"worsen",2
"WQoqd",2
"WSJ",2
"WtKPivz",2
"Wupd",2
"wwqj",2
"wxWPkB",2
"Wynn",2
"xA",2
"xeIGo",2
"xH",2
"xHftAa",2
"XiaTPOl",2
"XJAU",2
"Xs",2
"xvJoj",2
"xYkScZ",2
"Yen",2
"yJUF",2
"yMdW",2
"youtube",2
"Yvonne",2
"yx",2
"zHkry",2
"ZJPrz",2
"zones",2
"ZPefrNh",2
"Zuwv",2
"ZuzsyGE",2
"ZVK",2
"ZYjEBE",2
"accommodate",1
"blocked",1
"coronaviruses",1
"coronavirusrecent",1
"dTCXlg",1
"eyT",1
"GkFze",1
"GxBkuh",1
"NRJGRU",1
"onLrR",1
"oRUXO",1
"OwdZ",1
"powerless",1
"RhzhAI",1
"RusuUx",1
"tBPUyl",1
"tEbMcr",1
"tKv",1
"trRXK",1
"UcHw",1
"WcGH",1
